,title,article,link,year,month,day
0,North Korea warns of â€˜overwhelmingâ€™ response â€” RT World News,"        North Korea warns of â€˜overwhelmingâ€™ response                        Pyongyang said any American efforts to interfere with its weapons tests would be considered a â€œclear declaration of warâ€            A TV screen shows an image of Kim Yo-jong during a news program at the Seoul Railway Station in Seoul, South Korea, February 20, 2023. Â©                AP  Ahn Young-joonNorth Korea has vowed to respond with â€œoverwhelmingâ€ force should the US military attempt to intercept missilesfired during test launches. The warning came hours after Washington and Seoul carried out their latest round of air drills in the region, which involved at least one nuclear-capable bomber.In a statement on Tuesday, Kim Yo-jong â€“ the sister of North Korean leader Kim Jong-un and a senior figure in the ruling Workersâ€™ Party â€“ responded to a recent press report citing a high ranking US military official, who said the Pentagon would immediately intercept any long-range missile fired into the Pacific by the DPRK.â€œIf a military response such as an interception follows our strategic weapons test, which is conducted without any harm to the safety of neighboring countries in the high seas and airspace not under the jurisdiction of the United States, this will undoubtedly be regarded as a clear declaration of war,â€ she said in commentscarried by the state-run Korean Central News Agency (KCNA).: US deploys nuclear-capable bomber for Korea drillsShe added that the North would be closely watching all military movements by the US and the â€œSouth Korean puppet army,â€ declaring Pyongyang is prepared to respond with â€œstriking, swift and overwhelming action at any time.â€The rebuke came on the heels of joint air drills carried out by the US and South Korea on Monday, in which at least one nuclear-capable B-52H strategic bomber flew alongside South Korean warplanes as a show of force against the DPRK. Similar exercises were also launched last Friday, including a US B-1B bomber, while yet another drill will be held next week to simulate a response to a North Korean missile attack.Washington and Seoul chose to stage the drills despite repeated objections from Pyongyang, which has denounced such exercises as preparations for an attack, also warning they may lead to â€œunprecedentedly persistent and strong counteractions.â€Over the weekend, North Korea appealed to the United Nations to stop the drills altogether, calling on the international community to â€œstrongly urge the US and South Korea to immediately halt their provocative remarks and joint military exercises.â€Kim Son-gyong, a top Foreign Ministry official, lamented that the global body has never condemned the war games despite their â€œclear aggressive nature,â€ going on to accuse Washington and Seoul of â€œirresponsibly raising the level of confrontationâ€ in the region.:    North Korea asks UN to rein in US                    ",https://www.rt.com/news/572558-north-korea-overwhelming-response/,2023,Mar,07
1,January 6 committee should be â€˜tried for treasonâ€™ â€“ Trump â€” RT World News,"        January 6 committee should be â€˜tried for treasonâ€™ â€“ Trump                        Recently-released security footage showed rioters in â€œan entirely different light,â€ the former president said            Supporters of Donald Trump protest outside the US Capitol in Washington, DC, January 6, 2021 Â©                AP  Jose Luis MaganaFormer president Donald Trump has declared that the Democrat-led panel formed to investigate the January 6, 2021, riot on Capitol Hill should be â€œtried for fraud and treason.â€ The committee portrayed the riot as a â€œviolent insurrection,â€ while video footage released by House Republicans showed more orderly scenes inside the Capitol.â€œThe Unselect Committee of political hacks and thugs has been totally discredited,â€ Trump declared on his Truth Social platform on Tuesday, repeating a label he has often used to describe the House committee formed to investigate the riot.â€œThey knowingly refused to show the videos that mattered,â€ Trump continued. â€œThey should be tried for fraud and treason, and those imprisoned and being persecuted should be exonerated and released, now!â€ğŸš¨BREAKING: Never before seen video of January 6 shows Jacob Chansley, the QAnon Shaman, being led through the Capitol by police the entire time that he was in the building. pic.twitter.comrikoRMWezFâ€” Greg Price (@greg_price11) March 7, 2023House Speaker Kevin McCarthy recently shared more than 40,000 hours of security camera footage with Fox News host Tucker Carlson, who aired a selection of clips on Tuesday night. The clips show Capitol Police peacefully escorting a number of Trump supporters through the Capitol building during the riot, including so-called â€˜Qanon Shamanâ€™ Jacob Chansley, while suggesting that a man called Ray Epps â€“ who some Trump supporters allege was a federal agent tasked with inciting violence against police officers â€“ lied about leaving the Capitol before violence broke out.Read moreMcCarthy defends sharing US Capitol riot footage with Tucker CarlsonThe committeeâ€™s final report, on the other hand, declared the riot a â€œviolent insurrectionâ€ aimed at â€œoverthrowing our democracy.â€ The committee recommended in December that Trump be criminally charged with inciting an insurrection attempt, obstructing Congress, and conspiring to defraud the United States, arguing that a speech he gave to the crowd before the riot had instigated the riot.Trump, who is running for office again in 2024, has not been criminally charged, but faces numerous civil lawsuits over his alleged role in fomenting the riot. More than 100 police officers say they were injured on the day, while four Trump supporters died. Two died of natural causes and one of an accidental overdose, while Air Force veteran Ashli Babbitt was shot by a Capitol Police officer near the entrance to the House chamber.In an earlier Truth Social post on Tuesday, Trump said that the footage shown by Carlson â€œsheds an entirely different light on what actually happenedâ€ on January 6, 2021. Carlson said that while there were some â€œhooligansâ€ in the crowd that day, the majority of so-called â€œinsurrectionistsâ€ were â€œsightseers.â€Out of more than 950 people charged in connection with the riot, 351 have been sentenced and 192 incarcerated. Around three quarters of those who pleaded guilty did so to misdemeanors, according to the Department of Justice.                    ",https://www.rt.com/news/572647-trump-january6-committee-treason/,2023,Mar,08
2,German army struggling with NATO obligations â€“ media â€” RT World News,"        German army struggling with NATO obligations â€“ media                        The Bundeswehr is short of battle-ready tanks to bolster the bloc's rapid deployment force, German media report            FILE PHOTO. Â©                Global Look Press  Daniel KarmannGermany would be ill-equipped to fulfill its NATO commitments in the event of an emergency requiring an immediate military response, state broadcaster ZDF has reported. Berlin was scheduled to form the core of the military blocâ€™s Very High Readiness Joint Task Force (VJTF) this year. However, the military unit responsible lacks battle-ready tanks for the mission, the broadcaster said on Monday, citing internal documents.The VJTF is expected to be the first to meet an adversaryifNATO is attacked. The 8,000-strong force must be ready to send its troops to the front within two to seven days, but the Bundeswehr Tank Battalion 393 is hardly up to the task, ZDF revealed.The unit, based in the central state of Thuringia, is the only one in theBundeswehr equipped with state-of-the-art Leopard 2A7V main battle tanks. However, not enough of them are combat-ready.Read moreGermany cannot defend itself â€“ defense ministerAt least 30 of the unitâ€™s 44 heavy equipment tanks must be battle-ready at any time through the year to meet the VJTF requirements. In January, the unit had only 17 tanks ready for action, according to the internal documents seen by ZDF. In February, this number increased to 20, still below the VJTF standards.Estimates by the Bundeswehr seen by ZDF show that the battalion will not be ready for the VJTF mission this year, since the number of combat-ready tanks in its possession is unlikely to exceed 23 at any time.The German military has already extended the period formandatory tank maintenance from 12 to 24 months in order to increase the number of combat-ready panzers in the 393rd Battalion. Otherwise, 11 more tanks would have been deemed unfit for service, ZDF reported.Read moreGermany suspends procurement of faulty armored vehiclesAccording to the broadcaster, the unit would have to â€œborrowâ€ tanks from another battalion based in the southern state of Bavaria. However, that unit has its own issues with tank availability, and its armor has not undergone an official VJTF certification.The issue was blamed on a maintenance plant owned by the German defense industry giant KMW. Internal documents showed that the maintenance backlog was discussed during a top-level â€œcrisis meetingâ€ in mid-February.Officially, Berlin still maintains that it is ready to fulfill its NATO obligations. German Defense Minister Boris Pistorius did admit a â€œbacklog of maintenance and repairsâ€ during his visit to Lithuania this week, but insisted that the issue â€œwill now be resolved.â€ â€œThere is no doubt that the mission can be accomplished,â€ he told journalists, referring to the VJTF.The news comes as Germany prepares to send 14 of its Leopard 2 tanks to Kiev as part of another Western military aid package.                    ",https://www.rt.com/news/572617-germany-lack-tanks-nato-obligation/,2023,Mar,07
3,US House Speaker to meet Taiwanâ€™s leader â€“ media â€” RT World News,"        US House Speaker to meet Taiwanâ€™s leader â€“ media                        The meeting will reportedly be held in California to avoid triggering Beijingâ€™s ire            FILE PHOTO: House Speaker Kevin McCarthy speaks to the media at the Capitol in Washington, DC. March 7, 2023. Â©                AP  Alex BrandonUS House Speaker Kevin McCarthy is set to meet Taiwanese President Tai Ing-wen in the United States next month, the Financial Times reported, noting he agreed to skip a planned visit to the island after past American delegations to Taipei prompted harsh reactions from Chinese authorities.Tsai will sit down with the senior lawmaker during her visit to the states in April, which will include travel to both California and New York, Taiwanese officials told the paperon Monday. Speaking on condition of anonymity, one official claimed that China is â€œnot in a good situation right now,â€ suggesting a trip to Taiwan by McCarthy could carry risks.â€œWe shared some intelligence about what the Chinese Communist Party is recently up to and the kinds of threats they pose,â€ the official said, referring to its communications with McCarthyâ€™s office. They offered no specifics on what sort of danger the lawmaker might face.: Taiwan boosting military ties with Washington â€“ presidentWhile McCarthy declared last summer that he would visit the island should he take the speakerâ€™s role, his team has agreed to a meeting in the US instead, an effort to â€œavoid an aggressive response from Beijing,â€ according to the Times.A trip to Taipei last August by then-House Speaker Nancy Pelosi, a Democrat, triggered days of unprecedented military drills by Beijing, which launched major exercises in the airspace and waters surrounding Taiwan, including simulated blockades of the island. Though lower-ranking US delegations have been sent to Taiwan in the months since, those trips were not met with war games, but nonetheless prompted stern warnings from Beijing, which considers the island part of its sovereign territory.McCarthyâ€™s office declined to comment on the reported meeting with Tsai, however Taiwanese officials said she would travel to the US sometime in April, while the Reagan Library in southern California has confirmed a speaking engagement for the leader during the same trip.:    US â€˜quadruplingâ€™ number of troops in Taiwan â€“ WSJTaiwan has been self-governed since the end of the Chinese Civil War in 1949, but never officially declared independence from China. Beijing strongly opposes any direct diplomatic contacts between Taipei and foreign nations, only a handful of which recognize the territory as a sovereign state. Washington is not among them, despite frequent official junkets to the island, as well as a series of purportedly â€œdefensiveâ€ weapons sales over the years â€“ including under the Biden administration.Last year, Chinese President Xi Jinping said his government would â€œcontinue to strive for peaceful reunification with Taiwan,â€ but insisted it would â€œnever promise to renounce the use of forceâ€ to reclaim the disputed territory.                    ",https://www.rt.com/news/572619-top-republican-taiwan-leader/,2023,Mar,08
4,Polish president claims Nord Stream blasts were â€˜beneficialâ€™ for Europe â€” RT World News,"        Polish president claims Nord Stream blasts were â€˜beneficialâ€™ for Europe                        The sabotage last year disrupted Moscowâ€™s plans for â€˜dominance,â€™ Andrzej Duda has argued            FILE PHOTO: Polish President Andrzej Duda Â©                Global Look Press  Mateusz SlodkowskiThe destruction of the Nord Stream pipelines delivering Russian gas to Europe was a good thing, Polish President Andrzej Duda told CNN on Wednesday. He claimed that the sabotage had freed the continent from Moscowâ€™s plans for â€œdominance,â€ adding that it had ended Polandâ€™s dependence on Russian gas.The comments followed media reports that pro-Ukrainian forces may have been behind the attack on the pipeline, which took place in September 2022. Duda said he could not confirm those claims, but insisted that if Nord Stream ceased to exist,it would be â€œbeneficialâ€ for Europe.Poland was a major opponent of the gas pipeline project and even lobbied for it to be dismantled in August 2022, roughly a month before the attack. Duda also called the project part of Europeâ€™s appeasement strategy in relations with Russia.Read moreClaims of Ukrainian link to Nord Stream sabotage â€˜hypotheticalâ€™ â€“ GermanyEarlier this week, citing US intelligence sources, the New York Times reported that a â€œpro-Ukrainian groupâ€ was behind the September 2022 attack. The outlet also statedthat Western intelligence agencies were aware of the identity of the person behind the sabotage, but decided to conceal the information to avoid a spat between Berlin and Kiev because the suspect has ties to Ukraine.The Polish president, who spoke to CNN during a visit to the United Arab Emirates, also suggested handing all Polish MiG-29 fighter jets over to Kiev, but only as part of an international coalition. â€œWe are ready to deliver these planes, and I am sure that Ukraine would be ready to use them immediately,â€ he said, without specifying how many Soviet-made planes Warsaw still has in its arsenal.Duda called for Ukrainian pilots to be trained to operate US-made F-16 fighter jets, arguing that Kievâ€™s forces would in any case be eager to be â€œup to NATO standards.â€â€œThe training of Ukrainian pilots is important and it is quite necessary,â€ he added.According to CNN, at least two Ukrainian pilots are currently in the US, where they are using flight simulators to see how much time they would need to learn to fly various American-made military aircraft.                    ",https://www.rt.com/news/572660-poland-nord-stream-sabotage-beneficial/,2023,Mar,08
5,US spies concerned about Russia escalation risk â€” RT World News,"        US spies concerned about Russia escalation risk                        Moscow â€œprobablyâ€ doesnâ€™t want direct conflict, intelligence chiefs told the Senate            'Yars' nuclear missiles at the military parade on Moscow's Red Square, marking the 77th anniversary of Victory in the Great Patriotic War, May 2022 Â©                Sputnik  Evgeny OdinokovAmerica's top spiesbelieve Russia does not want a direct military confrontation with NATO, but there is potential for the conflict in Ukraine to escalate, according to the annual threat assessment delivered to the Senate by spy chiefs on Wednesday.â€œRussian leaders thus far have avoided taking actions that would broaden the Ukraine conflict beyond Ukraineâ€™s borders, but the risk for escalation remains significant,â€ according to the 2023 Annual Threat Assessment report.Compiled in February, the assessment was made public on Wednesday at the annual Senate Intelligence Committee hearing on global threats. Director of National Intelligence Avril Haines described China as the â€œunparallelled priorityâ€ of US spies. Directors of the CIA, FBI, NSA, and the Defense Intelligence Agency (DIA) also testified at the hearing.The 40-page report dedicates four pages to Russia, looking at both the conflict in Ukraine and Moscowâ€™s role in Central Asia, Africa and Latin America. Though the report accuses Russia of â€œunprovoked aggressionâ€ in Ukraine, within a few paragraphs it admits that Moscow acted because it perceived an â€œexistential threat in its neighborhoodâ€ that could â€œendanger Russian national security.â€The Ukraine conflict was described as â€œa tectonic event that is reshaping Russiaâ€™s relationships with the West and China, and more broadly in ways that are unfolding and remain highly uncertain.â€Read moreFormer Russian president eyes â€˜final nailâ€™ in neocolonialismâ€™s coffinThe next few years will be â€œcritical to determining who and what will shape the narrativeâ€ in the strategic competition between the US and its allies on one side and Russia and China on the other, said the report.US spies believe Russiaâ€™s ground forces have been weakened by the war and â€œmilitary failuresâ€ in Ukraine, which will compel Moscow to rely on its significant nuclear deterrent. Alleged losses in Ukraine will â€œrequire years of rebuilding,â€ making Russia â€œless capable of posing a conventional military threat to European securityâ€ or â€œoperating as assertively in Eurasia and on the global stage,â€ they claim.This has probably â€œreduced the likelihood of Russian military intervention in other post-Soviet states,â€ the spies believe. They suggest Moscow wonâ€™t be able to intervene as it did in Belarus (2020) and Kazakhstan (2022) â€œto prevent expressions of popular dissatisfaction with the government from leading to regime change.â€However, US spies also assessed that Moscow will continue to build up influence in Africa, the Middle East and Latin America, trying to â€œundercut US leadershipâ€ and present itself as â€œan indispensable mediator and security partner.â€ This includes a strategic relationship with China, â€œdriven by their shared threat perceptionsâ€ of the US.Russian officials â€œhave long believed that the United States is trying to undermine Russia, weaken [President Vladimir] Putin, and install Western-friendly regimes in the post-Soviet states and elsewhere,â€ the report says, without conceding that US officials have publicly admitted to all of those objectives at one point or another.                    ",https://www.rt.com/news/572651-us-spies-russia-threat/,2023,Mar,08
6,Claims of Ukrainian link to Nord Stream sabotage â€˜hypotheticalâ€™ â€“ Germany â€” RT World News,"        Claims of Ukrainian link to Nord Stream sabotage â€˜hypotheticalâ€™ â€“ Germany                        Defense minister tight-lipped on fresh reports about damage to key pipelines            FILE PHOTO: German Defense Minister Boris Pistorius Â©                Global Look Press  dpa  Kay NietfeldGerman Defense Minister Boris Pistorius has dodged a question about how the Nord Stream sabotage case could influence Western military aid for Kiev if it turns out that pro-Ukrainian groups were behind the Russian gas pipeline blasts.It is of no use to speculate onâ€œhypotheticalâ€ indications, the minister told national news radio Deutschlandfunk (DLF) on Wednesday, following several media reports linking the incident, which occurred in September 2022, to alleged Ukrainian perpetrators.â€œWeâ€™ll have to wait and see what is actually confirmed,â€Pistorius told DLFâ€™s Barbara Schmidt-Mattern when asked about the media reports. On Tuesday, a host of German media outlets, including Die Zeit newspaper and state broadcaster ARD, reported that a vessel believed to be linked to the Nord Stream sabotage operation allegedly belongs to a Ukrainian-owned company. The reports also said that a Western intelligence agency is thought to have informed European â€œpartner servicesâ€that a â€œUkrainian commandoâ€unit was behind the attack.The New York Times reported on the same day, citing US intelligence sources, that a â€œpro-Ukrainian groupâ€was behind the September 2022 attacks. Pistorius brushed off the claims presented in the reports as â€œhypotheticalâ€and maintained that the sabotage act might have been aimed at framing Ukraine.Read moreWest knows who is responsible for Nord Stream attack â€“ The TimesThe chance of it being a false-flag operation is as â€œequally highâ€as the chance of Ukrainians being behind it, the minister said. Berlin has so far not made any investigation results public. Sweden, Denmark, and Germany haveâ€œinformed the United Nations Security Council that the investigations are ongoing and that there are still no results,â€a government spokesman declared on Tuesday.Pistorius also insisted it would make little sense to â€œthink about what impact this would have on our support for Ukraine on the basis of such a [journalistic] investigationâ€when asked about the potential fallout of a probe into the Nord Stream sabotage.The minister said that Germany and its allies continue to supply Kiev â€œto the best of our ability.â€ He added, though, that Ukraineâ€™s Western backers can only provide ammunition for the Ukrainian troops as long as it does not compromise their own defense capacities.â€œWe need certain reserves to maintain our own ability to defend ourselves,â€Pistorius said, calling limited defense industry production capacities a real â€œbottleneckâ€limiting Western military aid for Ukraine.His comments came as The Times reported that Western intelligence agencieswere well aware of the identity of a person behind the attack on Nord Stream. They decided at the time to conceal this information to avoid a spat between Berlin and Kiev, since the suspect had ties to Ukraine, the paper claimed.                    ",https://www.rt.com/news/572646-german-defense-minister-nord-stream/,2023,Mar,08
7,EU member state profiteering from Ukraine conflict â€“ media â€” RT World News,"        EU member state profiteering from Ukraine conflict â€“ media                        Bulgaria sold billions of dollars worth of arms to Kiev, paid for and delivered by third-party nations, EURACTIV has reported            FILE PHOTO: Ukrainian soldiers carry an ammunition crate. Â©                Bahadir Vanli  Anadolu Agency  Getty ImagesBulgarian arms makers exported products worth billions of dollars to Ukraine using third-party countries as intermediaries, EURACTIV revealed in an investigation published on Monday.It had earlier been reported that former prime minister Kiril Petkov claimed credit for the scheme, which circumvented opponents of such transactions in the Bulgarian government.The outlet's findings indicate that the practice of indirect arms supplies predated the outbreak of Russian-Ukrainian hostilities. However once the conflictescalated in February 2022, Bulgarian manufacturers enjoyed a rapid increase in profits, doubling sales last year.Bulgaria is a major producer of munitions compatible with Soviet-designed weapons, which Ukraine used extensively before the US and its allies supplied it with Western-produced alternatives. Last year alone, at least $1 billion in arms was transferred from Bulgaria to Ukraine, mostly through Poland and Romania, sources told EURACTIV. No direct arms contracts were signed, the outlet added.The funneling of arms was done through foreign schemes and funded using foreign finance, according to Velizar Shalamanov, the former acting defense minister and a vocal supporter of shipping arms to Ukraine.Read moreEU member â€˜secretlyâ€™ supplied Kiev with arms & fuel â€“ mediaâ€œThere is a program with good funding in Great Britain, the United States and Poland. Through this program, the armaments needed for Ukraine are bought, that is, the money is not Ukrainian but British, American, Polish or European. That is why it is bought through other companies,â€ he told EURACTIV.The clandestine deliveries wererepoerted in January by the German daily Die Welt, which gave credit for the scheme to former Bulgarian prime minister Kiril Petkov and ex-finance minister Asen Vasilev. They are both Harvard University graduates and belong to the same pro-NATO political movement, which they founded together.â€œWe estimate that around a third of the ammunition needed by the Ukrainian Army came from Bulgaria in the early stages of the war,â€ Petkov said at the time.The prime minister had taken thesteps contrary to public opinion, which was overwhelmingly opposed to giving extensive aid to Ukraine, over concerns that their country would be dragged into the conflict, Die Welt reported. Petkovâ€™s government was backed by a coalition of four parties, and, according to the German paper, he went behind the back of the Socialists â€“ a coalition member that publicly opposed any armament supplies to Ukraine.Petkov lost his position in a no-confidence vote last June. The Bulgarian parliament failed to form a stable government after snap elections in October and is currently preparing for a new national ballot in April. The country approved its first official military aid package to Kiev in December, with President Rumen Radev declining to block the proposal backed by parliament.                    ",https://www.rt.com/news/572532-bulgaria-weapons-sales-ukraine/,2023,Mar,06
8,Nazis are 'losers' â€“Â Schwarzenegger â€” RT Games & Culture,"HomeGames & Culture        Nazis are 'losers' â€“Schwarzenegger                        The actor and former California governor regularly issues political messages on his personal YouTube channel            Arnold Schwarzenegger is pictured at the Auschwitz Jewish Center Foundation, after visiting former Nazi German Auschwitz Birkenau concentration and extermination camp. Oswiecim, Poland on September 28, 2022  Â©Getty Images                  Beata ZawrzelNurPhoto via Getty ImagesVeteran actor and former California governor Arnold Schwarzenegger has delivered a scathing rebuke of what he perceives to be a surge in anti-Semitic hate groups in the United States, telling viewers â€œthere has never been a successful movement based on hateâ€ in a Monday video that has since gone viral.Schwarzenegger, 75, claims in the 12-minute-long video that he has noticed an increase in support for anti-Semitism across the world. He also spoke of a recent visit to the Auschwitz concentration camp, which apparently convinced him to issue an open call to ensure that tragedies such as the Holocaust never happen again.â€œNazis? Losers,â€ the Austrian-American actor said. â€œThe confederacy? Losers. The apartheid movement? Losers.â€He added that it was â€œeasier to hate than it is to learnâ€ and that people who are radicalized by their own prejudices â€œwill die as miserably as they lived.â€Read moreSchwarzenegger calls Gorbachev his â€˜heroâ€™Schwarzenegger is active on YouTube, often using it to deliver messages to his subscriber base of more than 1.3 million people. In the past, he has tackled issues such as the onset of the Covid-19 pandemic and the Russia-Ukraine conflict.The â€˜Terminatorâ€™ starâ€™s statements are backed up by data released last year by the Anti-Defamation League, a US-based non-governmental organization which combats anti-Jewish sentiment in the country. It recorded some 2,717 incidents of â€œantisemitic harassment, vandalism and assaultâ€ in 2021 â€“ the highest figure since records began in 1979.Schwarzenegger has previously revealed that his father, Gustav, was a member of the Nazi party after first seeking membership in 1939. In the video, he explains that his father was injured in St. Petersburg (then Leningrad) and that the â€œNazi army he was part of did vicious harm to the great city and its people.â€Another prominent Hollywood figure, director Steven Spielberg, said on US television last week that he also had concerns about a surge in anti-Semitic sentiment in the United States. Spielberg, who was raised in a Jewish family, has also spoken of abuse he suffered at the hands of anti-Semitic bullies in his youth.                    ",https://www.rt.com/news/572601-us-schwarzenegger-antisemitism-video/,2023,Mar,07
9,"â€˜Havana syndromeâ€™ has been debunked, but will lessons be learned? â€” RT World News","        â€˜Havana syndromeâ€™ has been debunked, but will lessons be learned?                        A mysterious affliction that plagued US diplomats worldwide was not the result of a Russian attack after all            Bradley Blankenship is an American journalist,columnist and political commentator. He has a syndicated column at CGTN and is a freelance reporter for international news agencies including Xinhua News Agency.Bradley Blankenship is an American journalist,columnist and political commentator. He has a syndicated column at CGTN and is a freelance reporter for international news agencies including Xinhua News Agency.@BradBlank_A general view of Embassy of the United State of America in Cuba, Havana on September 18, 2017. Â©                Photo by Yander ZamoraAnadolu AgencyGetty ImagesFor seven years, US diplomats worldwide have succumbed to mysterious illnesses and abnormal acoustic sensations dubbed â€œHavana syndrome,â€ after the first â€œcaseâ€ was detected in the Cuban capital in 2016. These mystery illnesses have racked up burdensome medical bills for many and pushed some into early retirement.Investigators initially pinned these incidents on a suspected high-tech energy weapon, possibly developed by Russia, until an exclusive Washington Post report was released last week. According to the report, which cites anonymous officials familiar with conclusions found by several agencies, the â€œsyndromeâ€ was not caused by an energy weapon and one agency nixed the idea completely that a foreign adversary was behind it. Reportedly, none of the agencies disagreed with the latter conclusion. Investigations into what exactly happened are still ongoing.However, for years the US media pointed the finger at Russia through â€œscoopsâ€ dropped by anonymous intelligence officials. For instance, Politico reported in 2021 that American spy agencies were lasering in on Russiaâ€™s military intelligence unit, GRU. These officials reportedly debriefed members of Congress on the matter. Likewise, that same year the New Yorker posed the tantalizing question: â€œAre U.S. Officials Under Silent Attack?â€ And, of course, well before this, the likes of CNN and MSNBC were already speculating about a conspiracy on their broadcasts and, as always, blaming the Russians.Read morePayouts to Havana Syndrome victims to continue indefinitelyThe debunking itself comes from a paper that has reported speculative information from â€œanonymousâ€ intelligence officials in the past. However, it references a number of reports â€“ things that exist â€“ within US intelligence agencies, which lends it much more substance and credibility.Itâ€™s hard to speculate on what might have been behind the â€œHavana syndromeâ€ incidents but whatâ€™s clear is that US officials jumped the gun in blaming Russia. If we turn the clock back seven years, we might recall that this was one of the spikes in anti-Russia hysteria in the US. Report after report came out suggesting that Russia â€œhackedâ€ the US presidential election that year in favor of Donald Trump. Then the goal posts kept shifting, first to how Russia â€œinterferedâ€ in the election, and then to how Russia â€œinfluencedâ€ the election.Each of these reports was debunked and some journalists were even sackedor forced to resign over â€œscoopsâ€ that had not been properly fact-checked. For example, one Washington Post reporter got a scoop from officials that Russia hacked into the state of Vermontâ€™s energy grid, a claim that was immediately debunked. Another CNN investigation, alleging that Russia had a slush fund in place for Trump-tied officials, led to three journalists, including one executive editor, resigning.Russiaâ€™s vindication regarding the mystery illnesses of US diplomats is a premier case study in unethical speculation by federal officials exacerbated by sloppy journalism. Going back to when â€œHavana syndromeâ€ first appeared, we will also remember that it was not long after the 2014 Western-backed coup in Ukraine, which nearly sparked a direct conflict between Russia and NATO, led to the Russian annexation of Crimea and spurred events leading to the current Ukraine crisis.Read moreUS spies debunk â€˜Havana Syndromeâ€™ conspiracy â€“WaPoUS officials and their media stenographers were trying hard to drive public opinion against Russia by claiming Moscow was directly undermining Americaâ€™s democracy and covertly attacking our diplomats around the world. Of course, it was all a bunch of lies, as history has revealed. There neednâ€™t be a foreign adversary to explain the health issues of US diplomats. Perhaps the explanation is simpler, something like travelersâ€™ sickness, which many people experience. One thing is certain, there was never any actual evidence that Russia was behind these weird illnesses â€“ only speculation.Weâ€™re now seeing this in action again after a Chinese balloon was spotted over the continental United States. The US government shot down the airship, speculating that it was part of a surveillance operation. China maintains that it was simply a weather monitoring balloon that had veered off course.In any case, the US is reportedly releasing an investigation on this matter. After the latest revelation about the â€œHavana syndromeâ€, I fully anticipate the report will show that, in fact, it was a civilian weather balloon all along and not a surveillance op. Releasing defamatory â€˜scoopsâ€™ about adversarial countries, not backed by evidence, has been the modus operandi for US officials and media for a while now.However, I hope these intelligence reports dug up by the Washington Post can be a point of reflection for the media. Hopefully, they will stop embarrassing themselves by uncritically broadcasting the officialsâ€™ finger-pointing. The American people are sick of the lies, sick of the transparently false claims roundly reported in the media and sick of not having a media apparatus that actually discusses issues relevant to their lives.The statements, views and opinions expressed in this column are solely those of the author and do not necessarily represent those of RT.oped                    ",https://www.rt.com/news/572580-havana-syndrome-cuba-us/,2023,Mar,07
10,US comments on top threat to global hegemony â€” RT World News,"        US comments on top threat to global hegemony                        China, not Russia, tops Washingtonâ€™s list of concerns            FILE PHOTO: A chinese vessel involved in the oil exploration industry. Â©                Getty Images  Rob_EllisThe US intelligence community believes China is the biggest threat to Western-dominated world order, with concerns over Beijing dominating the annual report presented on Wednesday to the Senate Intelligence Committee.â€œThe Peopleâ€™s Republic of China â€“ which is increasingly challenging the United States, economically, technologically, politically and militarily, around the world â€“ remains our unparalleled priority,â€ Director of National Intelligence Avril Haines told the lawmakers.The Annual Threat Assessment report compiled by the Office of the Director of National Intelligence (ODNI), starts with China and devotes five out of its 40 pages to the country.Beijing seeks to â€œpromote a China-led alternative to often US and Western-dominated international development and security forums and frameworks,â€ the spies claimed, predicting that China will use programs such as the Belt and Road Initiative, Global Development Initiative and the Global Security Initiative to â€œpromote modifications to international norms to favor state sovereignty and political stability over individual rights.â€China is â€œcentral to global supply chainsâ€ when it comes to semiconductors, rare earth minerals, batteries, solar panels, and pharmaceuticals. This â€œcould pose a significant riskâ€ to the US and Western economies if Beijing were â€œable to adeptly leverage its dominance for political or economic gain.â€Read moreUS spies concerned about Russia escalation riskLater on, the report admits that China is capable of using this dominant position â€œin an attempt to accomplish its goals, although probably not without significant cost to itself.â€The US intelligence community believes China will â€œlimit public supportâ€ for Russia, but continue to maintain â€œdiplomatic, defense, economic, and technology cooperationâ€ with Moscow in order to â€œcontinue trying to challengeâ€ the US.The declassified version of the report was made public on Wednesday at the annual Senate Intelligence Committee hearing on global threats. Directors of the CIA, FBI, NSA, and the Defense Intelligence Agency (DIA) also testified at the hearing, alongside Haines.Beijing voiced unusually sharp criticism of US policies this week, with President Xi Jinping telling a meeting of industry and business leaders on Monday that Washington had embarked on â€œall-round containment, encirclement and suppression of China.â€On Tuesday, Foreign Minister Qin Gang warned the US that if it â€œdoes not hit the brakes, but continues to speed down the wrong path, no amount of guardrails can prevent derailing and there will surely be conflict and confrontation.â€                    ",https://www.rt.com/news/572652-us-spies-china-threat/,2023,Mar,08
11,US vows to strengthen nuclear arsenal â€” RT World News,"        US vows to strengthen nuclear arsenal                        A top general warned of the need to boost â€œdeterrenceâ€ following dozens of missile tests by North Korea            FILE PHOTO: A silo housing a decommissioned Titan II nuclear missile is seen at the Titan Missile Museum in Green Valley, Arizona. Â©                Pentagon  Katie LangeThe US government will work to improve its nuclear forces, a senior military commander has said, pledging to bolster Americaâ€™s arsenal on land, in the air, and at sea in response to â€œrogueâ€ actions by North Korea.Speaking before the Senate Armed Services Committee on Thursday, Air Force General Anthony Cotton spoke of the need to strengthen the nationâ€™s nuclear arsenal to meet â€œchallengesâ€ from the likes of Pyongyang and other rival states.â€œNorth Korea conducted an unprecedented number of missile launches in 2022 and its new intercontinental ballistic missile (ICBM), referred to as KN-28, highlight that the security challenge continues to grow,â€ he said.â€œTo ensure our continued ability to serve as the bedrock of integrated deterrence, we are recapitalizing every leg of the nuclear triad, and the nuclear command control and communication systems.â€: North Korea cites â€˜realisticâ€™ chance of nuclear warThe â€˜triadâ€™ refers to the three primary methods of delivery for US nuclear weapons, including land-based missile silos, long-range strategic bomber aircraft, and nuclear-armed submarines.Cotton went on to accuse North Korea of acting as a â€œrogueâ€ nation which â€œposes a threat to the United States and our allies,â€ stressing that Washington must continue to improve its â€œeffective and credible nuclear deterrent.â€Tensions on the Korean Peninsula have soared over the last year, with the DPRK conducting a record number of weapons tests amid a flurry of joint US-South Korean war games. Military activity has continued into 2023, with Pyongyang firing off missiles as Washington and Seoul press on with multiple rounds of exercises, including a recent drill involving a US nuclear-capable bomber.North Korea has repeatedly condemned such drills as rehearsals for an invasion, and insists it has every right to carry out missile launches and develop its own â€œdeterrentâ€ forces. However, US officials continue to press Pyongyang to give up its nuclear arsenal, with State Department spokesman Ned Price vowing on Thursday to impose increased â€œcostsâ€ on the DPRK until it â€œchanges its approachâ€ and abandons its weapons. Though Price called for â€œdialogue and diplomacyâ€ with North Korea, so far President Joe Biden appears to have made no effort to sit down with the countryâ€™s leadership or hold a new round of talks to deescalate the tensions.:    South Korea approves indirect arms delivery to Ukraine                    ",https://www.rt.com/news/572729-us-strengthen-nuclear-arsenal/,2023,Mar,10
12,Fire rips through worldâ€™s largest refugee camp â€” RT World News,"        Fire rips through worldâ€™s largest refugee camp                        Some 12,000 people have reportedly been left without shelter after Sundayâ€™s inferno in Bangladesh            Rohingya refugees try to douse a major fire in their Balukhali camp at Ukhiya in Cox's Bazar district, Bangladesh, Sunday, March 5, 2023. Â©                AP PhotoMahmud Hossain OpuAuthorities in Bangladesh have opened an investigation into the circumstances which led to an inferno at a Rohingya refugee camp on Sunday that destroyed around 2,000 shelters and left thousands of people homeless.Local media has reported that one man â€“ who is understood to be a refugee â€“ has been detained in connection with the fire. Police are trying to determine whether or not the blaze was started â€œas an act of sabotage,â€ according to Mohammad Mizanur Rahman, the chairman of Bangladeshâ€™s Refugee Relief Repatriation Commissioner.â€œSome 2,000 shelters have been burnt, leaving about 12,000 forcibly displaced Myanmar nationals shelterless,â€ Rahman told the AFP.It is not yet clear how the fire, which occurred at 2:45pm local time on Sunday, began but it is thought to have spread quickly through tarpaulin shelters and by gas cylinders in kitchens. No casualties have yet been reported in the fire, which was brought under control after three hours.Read moreâ€˜Genocideâ€™ survivors sue MyanmarThe refugee camp in the countryâ€™s southeast is considered to be the largest of its kind. The United Nations High Commissioner for Refugees (UNHCR) tweeted on Sunday that 90 facilities, including hospitals and learning centers, had been destroyed in the fire. Around 35 mosques were also reported to have been damaged or destroyed.Bangladesh authorities are working with domestic and international aid groups to supply food and temporary shelter to those affected by the blaze.â€œTodayâ€™s massive fire will have robbed many families of their safety and what little belongings they have left,â€ the humanitarian organization â€˜Save the Childrenâ€™ stated on Sunday. â€œThey continue to grapple with inadequate education, concerning levels of malnutrition, stunting, child marriage, and child labor.â€Rohingya refugee camps were affected by 222 fires between January 2021 and December 2022, according to data released by the countryâ€™s defense ministry last month. This included 60 cases of arson. In March 2021, at least 15 people died in a fire at the settlement.The camp offers temporary housing to Rohingya people who fled Myanmar in the wake of a crackdown against the Muslim ethnic minority in the country in 2017.                    ",https://www.rt.com/news/572543-bangladesh-fire-refugee-camp/,2023,Mar,06
13,US seeking to contain China â€“ Xi â€” RT World News,"        US seeking to contain China â€“ Xi                        Washingtonâ€™s actions pose a â€œsevere challenge,â€ the Chinese president says            Xi Jinping visits national political advisers attending the 14th National Committee of the Chinese Peopleâ€™s Political Consultative Conference (CPPCC). Â©                Xinhua  Ju PengChinese President Xi Jinping has publicly criticized the US and accused it of leading a Western attempt to â€œcontainâ€ his country. Foreign Minister Qin Gang also warned Washington to â€œhit the brakesâ€ or risk â€œconflict and confrontation.â€â€œWestern countries led by the United States have implemented all-round containment, encirclement and suppression of China, which has brought unprecedented severe challenges to our nationâ€™s development,â€ Xi said in a rare verbal attack on Monday, as quoted by state media.The Chinese leader was meeting with industry and business groups during an annual gathering of an advisory body to the Communist Party. His speech focused on the national economy, with the remark about Washingtonâ€™s policy illustrating what he called â€œuncertain and unpredictable factorsâ€ in the international environment, which also included the Covid-19 pandemic.Xi normally refrains from targeted criticism of the US. Michael Swaine, a senior research fellow at the Quincy Institute for Responsible Statecraft, told the New York Times that, to his knowledge, it was the first time the Chinese leader â€œhas publicly come out and identified the US as taking such actions.â€Read moreChina warns of â€˜critical junctureâ€™ in Ukraine conflictMeanwhile, another senior Chinese official accused Washington of using underhanded tactics on Tuesday.â€œThe US claims that it seeks to out-compete China but does not seek conflict. Yet in reality, its so-called â€˜competitionâ€™ means to contain and suppress China in all respects,â€ Foreign Minister Qin Gang said in a speech on the sidelines of an ongoing session of the Chinese legislature.He compared the US government to an athlete trying to trip their opponent instead of giving its best performance. Washington wants Beijing not to push back when it is targeted by such action or slander, the minister suggested, adding that this was not possible. The US trajectory could lead to a disaster that no guardrails would be able to prevent, he warned.â€œIf the US does not hit the brakes, but continues to speed down the wrong path, no amount of guardrails can prevent derailing and there will surely be conflict and confrontation,â€ said Qin, who previously served as the Chinese ambassador to the US.Washington has accused Beijing of undermining a â€œrules-based orderâ€ with its policies and imposed a number of economic restrictions, including last yearâ€™s ban on exporting certain semiconductors to the country. Tensions escalated further last month after Washington accused the country of flying a â€œspy balloonâ€ over American soil, which China said was just a stray weather aircraft.                    ",https://www.rt.com/news/572575-xi-us-china-containment/,2023,Mar,07
14,China presses for Covid origins probe in US â€” RT World News,"        China presses for Covid origins probe in US                        Washington has ignored concerns over its â€œbio-military basesâ€ both at home and abroad, Beijing said            FILE PHOTO: An electron microscope image shows the SARS-CoV-2 virus, indicated in yellow, emerging from the surface of cells, indicated in bluepink, cultured in the lab. Â©                AP  NIAID-RMLThe World Health Organization (WHO) should launch a new investigation into the origins of Covid-19 in the United States, China has said, rejecting charges by Washington that the deadly pathogen escaped from a high-security virology lab in Wuhan.Asked about recent comments by WHOchief Tedros Adhanom Ghebreyesus â€“ who called on China and other nations to be â€œtransparent in sharing dataâ€ regarding the genesis of the health crisis â€“ Foreign Ministry spokesperson Mao Ning insisted Beijing has â€œshared more data and research findings than any other country and contributed the most on origins-tracing.â€â€œTracing the origins of the virus is a matter of science. This study should be and can only be conducted jointly by scientists around the world,â€ Mao told reporters on Monday, adding that the US government has only hampered those efforts by â€œpoliticizing, weaponizing and instrumentalizing the issue.â€We hope the WHO Secretariat will take a science-based, objective and just position, not let politicization get in the way, and carry out the origins-tracing study in the US, among other countries, and play a positive role in science-based global origins-tracing.Maoâ€™s remarks came days after FBI Director Christopher Wray claimed the virus â€œmost likelyâ€ originated in a leak from a Chinese lab in comments to Fox News, citing a bureau assessment that has not been made public. The Department of Energy has also reportedly altered its stance on the matter, recently endorsing the lab-leak theory, though only with â€œlow confidence.â€The Foreign Ministry spokesperson accused Washington of â€œspreading mythsâ€ without â€œsupporting evidence,â€ saying the allegations have only â€œpoisoned the atmosphere for science-based global origins-tracing.â€ She noted the WHO had already visited China on two occasions to probe the issue and concluded the leak hypothesis was â€œextremely unlikely,â€ but said no similar investigation had been carried out in the US.â€œThe US, however, ignored these science-based conclusions and recommendations and kept pressurizing WHO into repeatedly demanding origins-tracing in China. It is quite clear what the US is trying to achieve,â€ Mao continued. â€œWhile claiming to take origins-tracing seriously, the US has never invited WHO expert groups to the US for joint study, or shared any early data. Instead, it has turned a blind eye to the worldâ€™s concerns about US bio-military bases at Fort Detrick and around the world.â€:    WHO wants proof  to support US claims of Covid originBeijing has repeatedly sounded alarms over military sitesincluding Fort Detrick in Maryland, which houses the United States Army Medical Research Institute of Infectious Disease (USAMRIID) â€“ the Pentagonâ€™s primary bioweapons research program. Claiming the base engages in â€œillegal, non-transparent and unsafe practices,â€ Chinese officials have suggested Fort Detrick could have some link to the Covid-19 outbreak, though little evidence has emerged to support the charge.                    ",https://www.rt.com/news/572557-china-covid-origins-us/,2023,Mar,07
15,US lawmakers call for declassified Covid origins report â€” RT World News,"        US lawmakers call for declassified Covid origins report                        Republicans have pressed the federal government to publish more information about the genesis of the global health crisis            The dome of the US Capitol is visible in a reflection on Capitol Hill in Washington, DC, January 23, 2023. Â©                AP  Andrew HarnikThe US House Intelligence Committee has adopted its own version of a bill seeking to force the government to declassify all that it knows about the origins of the Covid-19 pandemic, namely information that relates to a major virology lab in China, from which US officials have claimed the virus originally escaped.A Senate-approved bill moving through Congress was given a rubber stamp by the Republican-controlled intel committee on Tuesday, aiming to require Director of National Intelligence Avril Haines to â€œmake available to the public as much information as possibleâ€ about the beginnings of the virus, as well as â€œany and all information relating to potential links between the Wuhan Institute of Virologyâ€ and Covid-19.â€œThe American public deserves answers to every aspect of the Covid-19 pandemic, including how this virus was graded and specifically, whether it was a natural occurrence or was the result of a lab-related event,â€ committee chairman Mike Turner said. â€œThe intelligence community does have more information about Covid-19 than the public has seen.â€: China presses for Covid origins probe in USThe legislation was approved unanimously by the committee and will now head for a floor vote in the House, after which it would be destined for President Joe Bidenâ€™s desk for a signature.The GOP-led push to declassify information follows an updated assessment by the Department of Energy, which recently concluded the virus likely leaked from the Wuhan lab, though the department only endorsed that theory with â€œlow confidence.â€ Days later, FBI Director Christopher Wray appeared on Fox News to declare that Covid-19 â€œmost likelyâ€ emerged from the virology facility, citing a bureau report that has not been made public.Republican Senators Josh Hawley and Mike Braun initially proposed similar legislation in 2021, and though the bill was passed in the upper chamber, it was never enacted into law. It was reintroduced and passed again overwhelmingly last week.â€œThe Senate already passed my bill withâ€‹ â€‹[Hawley] â€‹â€‹to make every bit of evidence we know about the Covid lab leak declassified for the American people to see the facts without corporate or government censors. President Biden needs to declassify everything we know todayâ€‹,â€ Braun wrote in a tweet in late February, soon after the Wall Street Journal was first to report the Energy Departmentâ€™s revised conclusion.Though the original bill never received the presidentâ€™s signature, so far the White House has not given any indication it will veto the measure.Beijing, for its part, has vocally denied suggestions the pathogen escaped from the Wuhan virology lab, rejecting the theory as a way to smear Chinaâ€™s image abroad. On Monday, the Chinese Foreign Ministry accused Washington of â€œspreading mythsâ€ about the origins of the pandemic, urging for an international probe into the matter within the United States following similar investigations in the People's Republic.:    WHO wants proof  to support US claims of Covid origin                    ",https://www.rt.com/news/572618-us-lawmakers-covid-origins/,2023,Mar,08
16,China is competing in a great Asian arms race because it has no other choice â€” RT World News,"        China is competing in a great Asian arms race because it has no other choice                        Beijingâ€™s continued militarization is a forced response to US pressure. But can it keep its cool?            ByTimur Fomenko, a political analystSpecial warfare reconnaissance team members conduct a field reconnaissance training in Hechi City, Guangxi Province, China, Feb. 17, 2023. Â©                Photo credit should read CFOTOFuture Publishing via Getty ImagesDuring the two sessions of the National Peopleâ€™s Congress (NPC) over the weekend, China announced that its military budget would increase by 7.2% year on year. The news made headlines around the world.The Chinese premierâ€™s work report, submitted to the NPC, says the countryâ€™s military â€œshould intensify military training and preparedness across the board,â€ and points to escalating â€œexternal attempts to suppress and contain China.â€ The countryâ€™s state media reacted conservatively, stressing that the defense spending increase is in keeping with the â€œsingle-digitâ€ growth pattern of recent years (7.1% in 2022, 6.8% in 2021, 6.6% in 2020).Western media took a much different angle, with many outlets making obligatory mention of warnings from analysts and officials that Chinaâ€™s real military spending could be much higher than the announced budget. For example the Guardian cited the US Department of Defense as claiming it could be up to two times higher. These outlets do mention that Chinaâ€™s defense budget is still dwarfed by that of the US ($224B versus $772B), before moving on to talk about the size of Chinaâ€™s navy and infantry, its â€œmilitarizationâ€ of the South China Sea and, of course, repeating the warnings emanating from Washington DC that â€œChina may invade Taiwanâ€ soon.Such warnings from the US come coupled with a string of deliberate provocations such as official visits to Taiwan, flyovers, and â€˜freedom of navigationâ€™ operations. The US itself has made it a priority to militarize the region and to encircle China. None of these points can be found in Western media reports on Beijingâ€™s defense spending â€“ even though they are directly responsible for continued growth in Chinaâ€™s military budget.Read moreSouth Korea and US respond to missile launch by PyongyangOwing to the US attempt to contain China, the Asia-Pacific is now locked in a growing arms race and military competition, and Beijing has no choice but to participate. Washington has initiated a militarization of the region, under the label of its â€œIndo-Pacificâ€ strategy, with the focus on suppressing the rise of China. To do this, the US has created minilateral blocs targeting China, one being the Quad (Australia, India, Japan, US) and the other being AUKUS with Britain. Additionally, the US has dramatically increased its deployment of military assets in the region, has pushed the Philippines to increase access to its bases, and has also deliberately pushed the Taiwan issue and walked back from its existing commitments to China in order to escalate regional tensions.The US has actively encouraged and pushed for the arming of its regional allies too, the most notable example being Japanâ€™s pledge to double its military spendingand to buy hundreds of cruise missiles from the US. This militarization has been complementary to the parallel expansion of sanctions and embargoes aimed at crushing Chinaâ€™s rise in high-end technologies, which the US sees as directly contributing to its military capabilities. In this sense, the technological and military aspects of China-US competition are intrinsically linked, all in the name of American supremacy over the region.So facing this growing military encirclement and competition, how does China respond? The answer is that it continues to develop and strengthen its military, with the optimism that it can keep up with the United States in the long term. The US military budget continues to be over three times the size of Chinaâ€™s, which is also sobering for those calling Beijing a â€œthreat.â€ However, this does not mean that China is incapable, as its resources are concentrated in one region around itself, while the US is aiming for worldwide domination. When it comes to raw numbers, for example, China already has a larger navy than the United States and greater shipbuilding capacity.2023 will be a year of significantly increased tensions. It hasnâ€™t started well, with the US kicking up a storm over an alleged Chinesespy balloon, continuing provocations around Taiwan and reviving the Covid-19lab leak theory. But will China bite? It seems unlikely.Read moreAsian ally announces more arms purchases from USOne of the primary goals of this US-led effort is precisely to provoke Beijing so that Washington might be able to induce instability and therefore increase its geopolitical clout over other countries, breaking up positive regional integration. That is why China needs to be careful.With Beijing recognizing it is facing US encirclement, it has to defend its critical national interests, but in conjunction, it also needs to play a diplomatic game to reassure other countries simultaneously. China does not want ties with India to deteriorate further, or to create anxiety for ASEAN claimants in the South China Sea, such as Vietnam, Malaysia, Indonesia or the Philippines.It also wants to avoid Europe becoming more militarily involved against China, which would represent a great success for the US. China strives to be firm but also calm and cautious. There is a lot to lose in facing a hostile US, but sitting idly by is not an option. A military competition has begun, and it isnâ€™t going away. Beijing must be strong but also avoid â€œrocking the boatâ€ too much.The statements, views and opinions expressed in this column are solely those of the author and do not necessarily represent those of RT.oped                    ",https://www.rt.com/news/572539-china-asia-arms-race/,2023,Mar,09
17,Two deaths and three derailments trigger rare US railroad probe â€” RT World News,"        Two deaths and three derailments trigger rare US railroad probe                        Regulators have demanded immediate policy changes while investigating troubled rail operator Norfolk Southern            Â©                Getty Images  Nick HagenThe US National Transportation Safety Board (NTSB) has announced a rare â€œspecial investigationâ€ into the â€œsafety practices and cultureâ€ at Norfolk Southern Railway, operator of the train that derailedin East Palestine, Ohio over a month ago, which may have doused the town in one of the most toxic substances on earth.Citing the â€œnumber and significance of recent Norfolk Southern accidentsâ€ â€“ which include three employee deaths and three major train derailments since December 2021 â€“ the NTSB called on the rail operator to â€œtake immediate action today to review and assess its safety practicesâ€ in a statement released on Tuesday, stressing that â€œthe continued safe operations of Norfolk Southern is vital to the United States.â€The probe is the NTSBâ€™s fourth into incidents regarding Norfolk Southernâ€™s Ohio operations in just five weeks and the second in a single day â€“ announced just hours after a collision between a dump truck and a train at a rail crossing in Cleveland left the conductor dead.Read moreOhio chemical disaster may hold long-term health risks â€“ expertsUnlike typical investigations focused on single incidents, the latest NTSB probe hopes to diagnose and remedy any â€œorganizational factorsâ€ that might be causing Norfolk Southern to literally go off the rails, specifically the rail operatorâ€™s â€œsafety culture,â€ the regulator explained.Norfolk Southern has lobbied heavily against safety regulations, operating longer than normal trains unions say are critically understaffed. Employees struggled to make the industry listen to their safety concerns until the recent derailments.Over a month after the East Palestine cars spilled vinyl chloride into the surroundings and the carrier burnt the toxic substance off in what residents were reassured was a safe controlled burn, the Environmental Protection Agency has finally ordered Norfolk Southern to test the area for dioxins, substances among the most toxic on earth that are formed when chlorine compounds burn.Norfolk Southern announced a six-point â€œsafety planâ€ after another train derailed near Springfield on March 4, with proposals including adding hundreds of heat and vibration sensors along the tracks. Following Tuesdayâ€™s crash, however, the company released a statement vowing to hold â€œsafety stand-down briefings reaching every employee across our network.â€""Moving forward, we are going to rebuild our safety culture from the ground up,â€ CEO Alan Shaw told Reuters. â€œThis is not who we are, it is not acceptable, and it will not continue.â€The Federal Railroad Administration has also stepped in to conduct a 60-day â€œsupplemental safety assessmentâ€ of Norfolk Southern using the findings of a previous audit.                    ",https://www.rt.com/news/572653-ntsb-norfolk-southern-derailments-deaths/,2023,Mar,08
18,US Congress rejects Syria troop pullout â€” RT World News,"        US Congress rejects Syria troop pullout                        Republican Rep. Matt Gaetz castigated fellow lawmakers for voting to prolong Americaâ€™s â€œforever warsâ€            FILE PHOTO: US Army troops make their way to an oil production facility at an undisclosed location in Syria, October 27, 2020. Â©                US Army  Spc. Jensen GuilloryUS lawmakers have voted down a bill seeking to withdraw all American troops from Syria, opting to continue the years-long military occupation despite repeated objections from the government in Damascus, which has rejected the armed presence as illegal.While 56 Democrats joined 47 Republicans to back the GOP-sponsored bill, the Syria War Powers Resolution failed to pass in a 103-321 vote on Wednesday, facing stiff bipartisan opposition.Introduced by Florida Republican Matt Gaetz last month, the legislation would have directed President Joe Biden to remove the 900 US troops still deployed to the Middle Eastern nation within a period of six months. Arguing that Congress never authorized military action in Syria to begin with, Gaetz slammed lawmakers on both sides of the aisle following the ill-fated vote.â€œThere is no role for the United States of America in Syria. We are not a Middle Eastern power. We have tried to build a democracy out of sand, blood, and Arab militias,â€hesaid on the House floor. â€œTime and again, the work we do does not reduce chaos. Oftentimes, it causes chaos â€“ the very chaos that then subsequently leads to terrorism. While todayâ€™s vote may have failed, my fight to end forever wars and bring our troops home has only just begun.â€: Top US general visits troops in SyriaOpponents of the War Powers Resolution voiced fears that a US pullout could mean the revival of terrorist groups in the region. Democrat Gregory Meeks argued that while he does not support an â€œindefiniteâ€ deployment, a withdrawal would be â€œpremature.â€ He did not offer an alternative timeframe for when US forces should leave the country, having occupied Syrian territory intermittently for nearly a decade despite years of vocal objections from the government in Damascus.Gaetz said several prior Inspector General reports concluded a resurgence of Islamic State (IS, formerly ISIS) in Syria was â€œunlikely,â€ instead claiming the American presence has served as a â€œrecruiting toolâ€ for the infamous terrorist cell.â€œWe have to also acknowledge Syria and Iraq are the two countries on the planet Earth where we have done the most to fund ISIS. We give weapons to these so-called moderate rebelsâ€¦ and it turns out theyâ€™re not that moderate,â€ he continued, referring to President Barack Obamaâ€™s policy to arm rebel groups seeking to oust Syrian President Bashar Assad, many of which kept close ties with Al-Qaeda and other jihadist factions.Though Congress never approved troop deployments in Syria, three successive presidents have cited the military authorization passed after the September 11 terrorist attacks in 2001 to support the decision. The same measure has been invoked as legal justification for more than 40 US military operations in at least 19 countries around the world since 2001, according to the Congressional Research Service.:    China accuses US of oil theft                    ",https://www.rt.com/news/572663-congress-rejects-syria-pullout/,2023,Mar,09
19,Japan destroys flagship rocket minutes after launch â€” RT World News,"        Japan destroys flagship rocket minutes after launch                        The failure is considered to be a significant blow to Tokyoâ€™s aerospace ambitions            Japan's next generation 'H3' rocket, carrying the advanced optical satellite 'Daichi 3', leaves the launch pad at the Tanegashima Space Center in Kagoshima, southwestern Japan on March 7, 2023. Â©                STR  JIJI Press  AFPJapanâ€™s ambitions to develop a cheaper alternative to SpaceXâ€™s Falcon 9 rockets suffered a significant blow on Tuesday after the countryâ€™s space agency was forced to destroy its flagship H3 vehicle after its second-stage engine failed.The Japan Aerospace Exploration Agency (JAXA) issued the rocket with a self-destruct order upon discovering that its second-stage engine had malfunctioned shortly after lift off from the Tanegashima Space Center in southern Japan on Tuesday morning. Itâ€™s the second failure in less than a month, and follows a failed launch in February which was blamed on faulty rocket boosters.JAXA said afterwards that it had issued a destruct command as there was â€œno possibility of achieving the mission.â€The H3 was carrying a payload of ground-mapping technology which Tokyo said was intended to be used in disaster management scenarios which would â€œcover all of the land areas not only of Japan but also across the whole world.â€æ—¥æœ¬ã®æ–°ãŸãªä¸»åŠ›ãƒ­ã‚±ãƒƒãƒˆã€ŒH3ã€åˆå·æ©ŸãŒ7æ—¥åˆå‰10æ™‚37åˆ†ã€é¹¿å…å³¶çœŒã®ç¨®å­å³¶å®‡å®™ã‚»ãƒ³ã‚¿ãƒ¼ã‹ã‚‰æ‰“ã¡ä¸Šã’ã‚‰ã‚Œã¾ã—ãŸãŒã€2æ®µç›®ã®ãƒ­ã‚±ãƒƒãƒˆãŒç‚¹ç«ã›ãšã€ãã®å¾Œã€æŒ‡ä»¤ç ´å£Šã®ä¿¡å·ã‚’é€ã‚‰ã‚Œæ‰“ã¡ä¸Šã’ã¯å¤±æ•—ã—ã¾ã—ãŸã€‚https:t.coDQHAwQx4m1#nhk_videopic.twitter.combo9ncYOKdwâ€” NHKãƒ‹ãƒ¥ãƒ¼ã‚¹ (@nhk_news) March 7, 2023Japanâ€™s science minister, Keiko Nagaoka, issued an apology for the â€œextremely regrettableâ€ incident, which she said had â€œfail[ed] to meet the expectations of the public and related parties.â€ The failure of the H3 â€œwill have a serious impact on Japanâ€™s future space policy,â€ Osaka University space policy professor Hirotaka Watanabe told Reuters. Tokyo had attempted to position the H3 as a more cost-effective alternative to SpaceXâ€™s Falcon 9 for commercial and government space launches.Watanabe added that the H3 failure would have a negative impact on Japanâ€™s â€œspace business and technological competitiveness.â€Had the mission been successful, JAXA said it was planning to launch the rocket around six times per year for the next 20 years. Tokyo has recently broadened the scope of its cooperation with the United Statesâ€™ space program, and has committed to the transportation of cargo to NASAâ€™s planned Gateway lunar space station.Tokyo has also expressed its own aerospace ambitions, which include landing Japanese astronauts on the Moon.                    ",https://www.rt.com/news/572578-japan-h3-rocket-failure/,2023,Mar,07
20,"DeSantis visits California, targets â€˜woke mind virusâ€™ â€” RT World News","        DeSantis visits California, targets â€˜woke mind virusâ€™                        The Florida governor traveled to the liberal stronghold ahead of a mooted presidential run            Florida Governor Ron DeSantis at the Ronald Reagan Presidential Library on March 5, 2023 in Simi Valley, California  Â©Getty Images                  Mario TamaGetty ImagesRon DeSantis, theRepublicanrising star who is expected to be one of Donald Trumpâ€™s chief rivals for the presidential nomination next year, hit out against liberalism deep in Democratic territory on Sunday.DeSantisâ€™ brand of conservatism, which eschews vaccine mandates and takes a hardline stance on issues involving school curricula and immigration, has proven to be deeply popular in his home state of Florida.DeSantis outlined his issues with what he called theâ€œwoke mind virusâ€ in a California speech, one year out from â€˜Super Tuesday,â€™ a pivotal date where both the main political parties take steps to select their presidential candidates, .â€œI think these liberal states have gotten it wrong,â€ DeSantis told a crowd of around 1,300 at the Ronald Reagan President Library in Simi Valley on Sunday, according to the Citizen Free Press. â€œAnd why are they getting it wrong? I think it all goes back to ideology. And it goes back to this woke mind virus thatâ€™s infected the left and all these other institutions. I mean, think about the way they governed their states.â€Read moreDeSantis takes aim at Biden over UkraineDeSantis won a resounding re-election to Floridaâ€™s governorship over Democratic candidate Charlie Crist in Novemberâ€™s midterm elections. The margin of his victory â€“ particularly when compared to defeats suffered by Trump loyalists across the US â€“ installed him as an early frontrunnerfor the Republican ticket in 2024.The role, though, places him at direct odds with Trump, who has attempted to position himself as the Republican Partyâ€™s kingmaker since leaving the White House in 2021. Trump confirmed in November he would once again be running for president, while DeSantis has yet to formally reveal his own candidacy.Gavin Newsom, California Governor and often targeted by the GOP, reacted to DeSantisâ€™ visit by comparing the health records of their respective states.â€œCalifornia residents are safer, healthier, and more prosperous than those unfortunate enough to have you as their governor,â€ he said last week of DeSantisâ€™ trip. â€œBy the way, youâ€™re going to get smoked by Trump.â€In addition to DeSantis, former Vice President Mike Pence and former Secretary of State Mike Pompeo are expected to join Trump and ex-US ambassador to the United Nations, Nikki Haley, in the Republican presidential field.                    ",https://www.rt.com/news/572537-us-desantis-california-speech/,2023,Mar,06
21,North Korea cites â€˜realisticâ€™ chance of nuclear war â€” RT World News,"        North Korea cites â€˜realisticâ€™ chance of nuclear war                        Pyongyang has accused Washington and Seoul of continued military provocations despite repeated warnings            FILE PHOTO: An image of a nuclear blast is seen at the Atomic Testing Museum in Las Vegas, Nevada. Â©                AP  Joe CavarettaNorth Korea has warned of a â€œrealisticâ€ threat of nuclear conflict followingthe latest round of American and South Korean military exercises,and predicted aâ€œcatastrophic escalationâ€ in the region.The North Korean Foreign Ministry issued a statement on Tuesday denouncing recent joint air drills between Washington and Seoul, which involved at least one US nuclear-capable B-52 bomber, saying the exercises only heighten the risk of conflict on the Korean Peninsula.â€œDue to the irresponsible actions of the United States and South Korea, which are concentrating only on belligerent armed demonstrations thick with gunpowder, contrary to the international community's desire for tension relief and political stability, the risk of nuclear war on the Korean Peninsula is shifting from an imaginary stage to a realistic one,â€ the ministry said, adding that the drills â€œclearlyâ€ show the US is preparing for war with the DPRK.: US deploys nuclear-capable bomber for Korea drillsSimilar joint combat exercises were also launched last Friday, including a US B-1B strategic bomber, while yet another drill will be held next week to simulate the US and South Korean response to a missile attack by the DPRK. Moreover, beginning on March 13, the two allies will carry out the largest drills in the region in five years, which will continue for 11 days.â€œThe large-scale US-South Korea joint military exercise that will begin in a few daysâ€ are of an â€œaggressive nature,â€ the ministry continued, going on to predict aâ€œcatastrophic escalation that will result from it.â€While negotiations under former US President Donald Trump resulted in a â€˜freeze for freezeâ€™ arrangement which saw a pause on joint drills with South Korea in exchange for a haltin Pyongyangâ€™s weapons tests, that deal has since collapsed, with tensions spiking since President Joe Biden took office in 2021. Last year saw a record number of North Korean missile launches, including several intercontinental ballistic missiles (ICBMs), as well as a flurry of US-South Korean military activity, which the DPRK has repeatedly condemned as preparation for an attack on the North. The missile tests have persisted into 2023, with North Korea continuing to fire off projectiles into the sea amid ongoing drills by Washington and Seoul.:    North Korea warns of â€˜overwhelmingâ€™ response                    ",https://www.rt.com/news/572620-north-korea-nuclear-war/,2023,Mar,08
22,Pentagon chief goes to Iraq prior to US invasion anniversary â€” RT World News,"        Pentagon chief goes to Iraq prior to US invasion anniversary                        Lloyd Austin arrived in Baghdad on unannounced visit            U.S. Secretary of Defense Lloyd Austin  Â©Getty Images                  Kim Hong-Ji - PoolUS Secretary of Defense Lloyd Austin landed in Baghdad on Tuesday on an unannounced visit to Iraq. He became the highest-ranking cabinet member from the Biden administration to have ever visited the country.The defense secretary tweeted that his trip is meant to reaffirm the US-Iraq strategic partnership and lead to a more â€œsecure, stable, and sovereign Iraq.â€ According to Reuters, Austinâ€™s visit was kept a secret until he landed due to security concerns. The secretary is currently on a multi-nation tour of the region.Austinâ€™s visit comes just two weeks ahead of the 20th anniversary of the US invasion of Iraq that ousted the countryâ€™s leader Saddam Hussein and led to two decades of brutal fighting. The 2003 invasion led to the death of between 180,000 to 210,000 civilians, according to the Iraq Body Count project, while the instability caused by the toppling of the Iraqi government and the withdrawal of US forces in 2011 ultimately led to the rise of Islamic State, ISIS and ISIL.US troops returned to the country in 2014 at the request of the Iraqi government to combat ISIS. However, after the terrorist group was mostly suppressed, the US decided to keep 2,500 of its troops stationed in Iraq and 900 in Syria.Thatâ€™s despite the Iraqi parliament voting to expel all foreign troops after the US assassination of Iranian general Qassem Soleimani in January 2020. Then-Secretary of State Mike Pompeo insisted at the time that the Iraqi people wanted the US to remain on their soil, and that Washington ""will continue to do all the things we need to do to keep America safe.â€Read moreTop US general visits troops in SyriaAccording to Reuters, citing an anonymous US Defense official, Austin is expected to tell the Iraqi government during his visit that the US remains committed to retain its forces' presence in the country. â€œBut it's not just about the military instrument. The United States is broadly interested in a strategic partnership with the government of Iraq,"" he said.Prior to his trip to Baghdad, Austin also met with Jordanâ€™s King Abdullah ll in that country's capital, Amman. There he warned of â€œunthinkableâ€ military ties developing between Russia and Iran, and reassured regional allies that Washington remains committed to the Middle East â€œfor the long haul.â€The defense secretary is also expected to visit US allies Egypt and Israel, where he also plans to raise Washingtonâ€™s concerns over Iranâ€™s ties with Russia, as well as Chinaâ€™s growing interest in the region.                    ",https://www.rt.com/news/572574-us-defense-secretary-iraq/,2023,Mar,07
23,Switzerland clarifies stance on military aid for Ukraine â€” RT World News,"        Switzerland clarifies stance on military aid for Ukraine                        Sanctions against Moscow remain ""compatible with neutrality"" but exporting arms to Kiev does not, Bern said            Swiss President Alain Berset speaks during the World Economic Forum (WEF) Annual Meeting in Davos, Switzerland on January 17, 2023  Â©Getty Images                  Dursun AydemirAnadolu Agency via Getty ImagesSwiss President Alain Berset has stressed that the Alpine countryâ€™s constitutional stance of neutrality forbids it from exporting arms to Ukraine during its conflict with Russia. However, he added that supporting Western sanctions against Moscow doesnâ€™t contradict Switzerlandâ€™s neutrality.""The discussion about the export of arms, weaponsâ€¦ while we have [our] legal framework in Switzerland, it is not possible to do it,"" Berset said to reporters on Tuesday following meetings at the United Nations.Despite Switzerland not being an EU member state, Bern has adopted several of the European blocâ€™s sanctions targeting Russia. Berset met with Ukraine President Vladimir Zelensky last week and emphasized his countryâ€™s ""strong humanitarian commitment to Ukraine."" Swiss lawmakers last month proposed a near-$140-million package designed to provide support in demining and humanitarian efforts in Ukraine.Read moreSwitzerland reveals German tank deal proposalSwitzerlandâ€™s constitution dictates that Swiss-made weapons and ammunition cannot be exported to warring countries â€“ but this long-held stance has critics in parliament. Liberal politician Thierry Burkart said last month that Swiss policy is in effect ""preventing our Western partners from supporting Ukraine.""Swiss weapons sold abroad are also barred from re-exportation to a third-party country if it is at war. German arms manufacturer Rheinmetall requested permission last month to purchase Swiss-made Leopard tanks, with Germany giving assurances they wouldnâ€™t be transferred to Ukraine. Bern has rejected arms transfer requests from Germany, Spain and Denmark in spite of lobbying from Kiev.Berset, however, offered a glimmer of hope to parliamentary critics of Swiss military exportation policies, suggesting that Bernâ€™s stance could switch if there is a ""change [to] this legal framework.""The 50-year-old politician was elected to the countryâ€™s presidency for a second time in December and took office on January 1. The country operates a one-year rolling presidency policy, with a new leader to be elected in December 2023.                    ",https://www.rt.com/news/572654-switzerland-ukraine-weapons-neutrality/,2023,Mar,08
24,World facing biggest cholera surge in 20 years â€“ WHO â€” RT World News,"        World facing biggest cholera surge in 20 years â€“ WHO                        The water-borne infection can be fatal in up to 50% of untreated cases            Several cases of cholera were recorded in northwestern Syria, where pictures show pools of contaminated water in front of tents for the displaced in the town of Kafr Losin in Idlib governorate, northeastern Syria, on September 28, 2022.  Â©Getty Images                  Rami AlsayedNurPhoto via Getty ImagesFactors including economic crises, climate change and the fallout from the Covid-19 pandemic have led to the ideal circumstances for cholera to flourish in high-risk countries, the World Health Organization (WHO) has warned after noting a sharp surge of the illness in at least 30 countries.The scale of the various outbreaks rose sharply in 2022 after several years of decline, the WHO said. Between January and October of last year, 29 countries reported cases of the disease, compared to 23 the year before â€“ with those numbers set to rise in 2023.â€œThe number of countries with these large outbreaks occurring at the same time, we have not seen it in at least 20 years,â€ Philippe Barboza, the head of the WHOâ€™s cholera emergencies response unit, told The Telegraph.â€œMost of the major outbreaks we are looking at are all driven by major, unusual climate events,â€ he added, adding that southern African countries are particularly at risk as they face a third straight year of heavy rain and cyclones brought on by the La Nina weather phenomenon.Read moreWHO wants proof  to support US claims of Covid originWHO director Tedros Adhanom Ghebreyesus said last year that the effects of climate change had â€œturbochargedâ€ the impact of cholera.Syria declared its first outbreak of the disease in 15 years last year, with the situation worsening following last monthâ€™s earthquakes. Lebanon is facing a similar problem for the first time in 30 years as it struggles to fight off the disease amid economic collapse.Experts say that the problem has also been exacerbated by various countriesâ€™ health services being overwhelmed by Covid-19 cases, given that efforts to combat cholera outbreaks were paused throughout the pandemic.â€œCholera can be controlled, should be controlled,â€ Barboza explained. â€œItâ€™s not that expensive, just to provide access to healthcare. Itâ€™s a basic human right.â€Cholera is a severe disease that is contracted by ingesting contaminated food or water. It can lead to death within hours if left untreated. Figures from the WHO state that around 143,000 die from the disease globally every year.                    ",https://www.rt.com/news/572556-who-warning-cholera-outbreak/,2023,Mar,06
25,Elite air force pilots join protests in Israel â€” RT World News,"        Elite air force pilots join protests in Israel                        Reservists from a fighter jet squadron are boycotting a regular drill over â€œworryingâ€ judicial reforms            FILE PHOTO. Â©                Global Look Press  Nir AlonAn elite Israeli Air Force fighter jet squadron has grabbed headlines in the Jewish state after its pilots announced that they were boycotting a regular training exercise. The move comes amid growing discontent over judicial reforms planned by Prime Minister Benjamin Netanyahuâ€™s government.As many as 37 of the 40 reservists serving in the 69th fighter squadron said last Sunday that they would boycott a training session on Wednesday in solidarity with anti-reform protesters.The reform in question, which sparked massive protests in Israel, would allow the government to control the appointment of judges, including those of the Supreme Court, and allow parliament to overrule the top courtâ€™s decisions with a simple majority.Late on Tuesday, the pilots softened their stance and announced that they would report to the unit, but only to hold a discussion on the political developments with their commanders.â€œWe are responding to the call of our commanders and will report to the unit tomorrow for a dialogue with the soldiers. We have full confidence in our commanders, and we will continue to serve the Jewish and democratic State of Israel as long as it is required,â€ the protesting pilots said in a statement cited by the Israeli media.Read moreIsrael canâ€™t find pilots for Netanyahu â€“ mediaA lieutenant colonel serving with the unit told the Jerusalem Post that the pilots â€œwill continue to serve the Jewish and democratic Israel, beyond the borders of the enemy at all times.â€However, he said, they have â€œdecided to stop for one day of scheduled training to talk about the worrying processes which the state is experiencing,â€ adding that the pilots â€œrequire dialogueâ€ on issues that impact them.The Times of Israel reported that the protesting pilots had only agreed to talk to the commanders and still refused to train. Known as â€˜The Hammersâ€™, the 69th Israeli Air Force Squadron is considered to be one of the most elite air force units. In 2007, the squadron carried out a strike on a Syrian nuclear reactor.The protest is just the tip of the iceberg, according to Israeli media, which said a growing number of Israel Defense Force (IDF) units are joining the judicial reform demonstrations, with members also threatening to boycott exercises.On Monday, Netanyahu slammed the reservistsâ€™ protest, saying it â€œthreatens the foundations of our existenceâ€ and has â€œno place in our ranks.â€ Meanwhile, around 6,000 IDF reservists signed a petition affirming their commitment to service and demanding the army be kept independent of politics.                    ",https://www.rt.com/news/572612-israel-air-force-pilots-protest/,2023,Mar,07
26,Vessel linked to Nord Stream sabotage discovered â€“ media â€” RT World News,"        Vessel linked to Nord Stream sabotage discovered â€“ media                        The yacht allegedly belongs to a company owned by Ukrainians, German outlets have reported            FILE PHOTO: A gas leak causes bubbles on the surface of the Sea in Sweden on September 28, 2022. Â©                Global Look Press  The Swedish Coast GuardGerman authorities probing explosions at the Nord Stream gas pipelines have identified a vessel which was reportedly used in the attack on the pipelines. The yacht belongs to a Polish-based company owned by two Ukrainians, according to the reports.German state broadcaster ARD, SWR radio and Die Zeit newspaper launched what they called their own joint journalistic investigation into the activities of German law enforcement authorities involved in this case.Their findings indicate the yacht set sail from the German northeastern port city of Rostock on September 6, having received explosives and equipment for the operation a froma delivery truck. The yacht was later identified on the Danish island of Christianso, located just north-east of the island of Bornholm, where the pipelines were damaged on September 26, 2022.Thevessel was then returned to the owners,where investigators managed to find traces of explosives on a cabin table, the outlets claim. The sabotage was reportedly carried out by a team of six people, including a captain, two divers, two diving assistants, and a female doctor.Read moreUS spies say â€˜pro-Ukrainian groupâ€™ bombed Nord Stream â€“ NYTThe identities and nationalities of the suspects remain unclear as they had â€œprofessionally forged passports,â€ which they also used to rent the yacht in the first place, according to the reports. The German authorities have also reportedly found no evidence that might point to who might have ordered the pipelines to be sabotaged.According to ARD, SWR and Die Zeit, a Western secret service organization allegedly tipped off some European â€œpartner servicesâ€ shortly after the explosions, saying that a â€œUkrainian commandoâ€ unit was responsible for the attack. The media outlets also claimed there had been â€œfurther intelligence indicationsâ€ that a pro-Ukrainian group could be behind it.The German government has not commented on the information presented by the media so far. A few days ago, Sweden, Denmark and Germany â€œinformed the United Nations Security Council that the investigations are ongoing and that there are still no results,â€ a government spokesman declared on Tuesday. Kiev denied any involvement in the incident when contacted by the German media.Citing some anonymous US intelligence officials, the New York Times on Tuesday reported that a â€œpro-Ukrainian groupâ€ was behind the September 2022 attacks. â€œNo American or British nationals were involved,â€ it added.The NYT also said that the bombs that tore apart three out of four pipeline strings at the bottom of the Baltic Sea were â€œmost likelyâ€ planted by experienced divers, who might have received â€œspecialized government training in the past.â€                    ",https://www.rt.com/news/572615-vessel-nord-stream-sabotage-identified/,2023,Mar,07
27,Two EU members offer jets to Ukraine â€” RT World News,"        Two EU members offer jets to Ukraine                        Poland and Slovakia will donate Soviet-era warplanes to Kiev, officials from both countries have said            A Slovak Air Force MiG-29 goes through a water gate during an airshow in Malacky, Slovakia, August 27, 2022 Â©                AP  Petr David JosekPoland and Slovakia have agreed to hand over Soviet-built MiG-29 fighter aircraft to Ukraine, Slovak Defense Minister Jaro Nad said on Thursday. The day before, Polish President Andrzej Duda declared that his country would donate its entire fleet of MiG-29s.In a post on Facebook, Nad stated that a Polish official had approached him at a meeting of EU defense ministers in Sweden on Wednesday, confirming that Warsaw would agree to the joint provision of the jets to Ukraine.In an interview with CNN on Wednesday, Duda said that his country â€œstands ready to provide these planes.â€However, Duda has made similar statements before. In an interview with Sky News last month, he called on NATO to provide Ukraine with modern jets at some point in the future, but said that older MiGs could be sent in the meantime. Polish Prime Minister Mateusz Morawiecki said a day later that Warsaw was â€œreadyâ€ for such a transfer, but would only do so as part of â€œa coalition with the United States as a leader.â€Read morePentagon trying to fit US missiles to Ukrainian jets â€“ PoliticoIn his Facebook post, Nad wrote that â€œitâ€™s time to make a decisionâ€ on sending the planes, suggesting that both countries were still waiting for a green light from the US. However, Washington has indicated it is unlikely to give permission.Polish Foreign Minister Zbigniew Rau said on Tuesday that his government was â€œready to deployâ€ the countryâ€™s entire fleet of MiG-29s to the US air base at Ramstein, Germany, from where they would be transferred to Ukraine. The Pentagon rejected this proposal, saying it was â€œnot tenable.â€The Polish Air Force has 29 MiG-29s in active service, while Slovakia has 12 in storage.Kiev has repeatedly requested both Soviet- and Western-made planes from its NATO backers. While the US-led bloc has yet to yield to these requests, the UK announced last month that it would train Ukrainian pilots on â€œsophisticated NATO-standard fighter jets,â€ and the US is reportedly evaluating Ukrainian pilotsâ€™ suitability for training on US-made F-16 combat aircraft.Russia has maintained that the influx of Western weapons into Ukraine will prolong the conflict without altering its outcome. The supply of fighter jets in particular is a â€œred lineâ€ that would place the West at â€œwar against Russia,â€ former Russian President Dmitry Medvedev warned last week.                    ",https://www.rt.com/news/572711-poland-slovakia-jets-ukraine/,2023,Mar,09
